id,FacilityName,CCN,City,state,Zipcode,MeasureName,AnemiaScore,StateAvg,NationalAvg,ZipLat,ZipLon,StateLat,StateLon
26,FMC JACKSON (TOMBIGBEE),12531,JACKSON,AL,36545,ANEMIA MANAGEMENT,9,10,10,31.53,-87.89,32.6010112,-86.6807365
33,RCG ANDALUSIA,12538,ANDALUSIA,AL,36420,ANEMIA MANAGEMENT,9,10,10,31.3,-86.48,32.6010112,-86.6807365
102,TUSCALOOSA NEPHROLOGY ASSOC HOME DIALYSIS,12619,TUSCALOOSA,AL,35406,ANEMIA MANAGEMENT,6,10,10,33.23,-87.54,32.6010112,-86.6807365
139,"FRESENIUS MEDICAL CARE BIRMINGHAM HOME, LLC",12657,BIRMINGHAM,AL,35209,ANEMIA MANAGEMENT,8,10,10,33.52,-86.79,32.6010112,-86.6807365
203,DAVITA - JACKSONVILLE CENTRAL DIALYSIS CTR,42553,JACKSONVILLE,AR,72076,ANEMIA MANAGEMENT,8,10,10,34.86,-92.12,34.7519275,-92.1313784
276,032535 HOME DIALYSIS OF MESA (FMC),32535,MESA,AZ,85204,ANEMIA MANAGEMENT,9,10,10,33.39,-111.78,34.1682185,-111.930907
333,032613 NORTHWEST TUCSON DIALYSIS (FMC),32613,TUCSON,AZ,85741,ANEMIA MANAGEMENT,9,10,10,32.33,-111.05,34.1682185,-111.930907
354,032635 GILBERT DIALYSIS (FMC),32635,GILBERT,AZ,85297,ANEMIA MANAGEMENT,9,10,10,33.26,-111.71,34.1682185,-111.930907
362,032643 EAST TUCSON (FMC),32643,TUCSON,AZ,85711,ANEMIA MANAGEMENT,9,10,10,32.21,-110.88,34.1682185,-111.930907
399,"MOBILE DIALYSIS SERVICES, INC. (COMPTON)",52522,COMPTON,CA,90220,ANEMIA MANAGEMENT,0,10,10,33.87,-118.24,37.2718745,-119.2704153
447,FMC-UNIVERSITY DIALYSIS CENTER OF ORANGE,52589,ORANGE,CA,92868,ANEMIA MANAGEMENT,6,10,10,33.78,-117.86,37.2718745,-119.2704153
466,HUNTINGTON DIALYSIS CENTER,52619,PASADENA,CA,91105,ANEMIA MANAGEMENT,3,10,10,34.14,-118.16,37.2718745,-119.2704153
516,CAMERON PARK DIALYSIS,52691,CAMERON PARK,CA,95682,ANEMIA MANAGEMENT,9,10,10,38.61,-120.97,37.2718745,-119.2704153
615,DAVITA-SAN LUIS OBISPO DIALYSIS,52811,SAN LUIS OBISPO,CA,93401,ANEMIA MANAGEMENT,8,10,10,35.25,-120.62,37.2718745,-119.2704153
665,EAST PALMDALE DIALYSIS CENTER,52867,PALMDALE,CA,93550,ANEMIA MANAGEMENT,9,10,10,34.52,-118.08,37.2718745,-119.2704153
670,FLORENCE DIALYSIS CENTER,52872,LOS ANGELES,CA,90003,ANEMIA MANAGEMENT,0,10,10,33.96,-118.27,37.2718745,-119.2704153
748,HOME DIALYSIS THERAPIES OF SAN DIEGO-NORTH,552543,SAN DIEGO,CA,92131,ANEMIA MANAGEMENT,8,10,10,32.89,-117.07,37.2718745,-119.2704153
751,HOME DIALYSIS THERAPIES OF SAN DIEGO-SOUTH,552546,CHULA VISTA,CA,91915,ANEMIA MANAGEMENT,9,10,10,32.6,-116.93,37.2718745,-119.2704153
755,WELLBOUND OF SANTA ROSA,552550,SANTA ROSA,CA,95407,ANEMIA MANAGEMENT,9,10,10,38.39,-122.75,37.2718745,-119.2704153
795,QUOTIDIAN HOME DIALYSIS CLINIC,552590,LA HABRA,CA,90631,ANEMIA MANAGEMENT,9,10,10,33.94,-117.95,37.2718745,-119.2704153
798,ANTELOPE VALLEY KIDNEY INSTITUTE,552593,LANCASTER,CA,93534,ANEMIA MANAGEMENT,9,10,10,34.72,-118.15,37.2718745,-119.2704153
813,CORNERHOUSE DIALYSIS CENTER,552608,SAN JOSE,CA,95128,ANEMIA MANAGEMENT,9,10,10,37.31,-121.93,37.2718745,-119.2704153
826,FMC-MEADOWS FIELD,552623,BAKERSFIELD,CA,93308,ANEMIA MANAGEMENT,7,10,10,35.54,-118.91,37.2718745,-119.2704153
829,DAVITA-RIVERSIDE PD CENTRAL,552627,RIVERSIDE,CA,92505,ANEMIA MANAGEMENT,9,10,10,33.93,-117.49,37.2718745,-119.2704153
860,U.S. RENAL CARE VERDUGO HILLS DIALYSIS,552662,GLENDALE,CA,91208,ANEMIA MANAGEMENT,9,10,10,34.19,-118.24,37.2718745,-119.2704153
974,"LAUREL CANYON DIALYSIS, LLC",552777,SUN VALLEY,CA,91352,ANEMIA MANAGEMENT,6,10,10,34.23,-118.34,37.2718745,-119.2704153
1036,062555 KIDNEY CENTER OF LAFAYETTE (ARA),62555,LAFAYETTE,CO,80026,ANEMIA MANAGEMENT,9,10,10,39.99,-105.09,38.9979339,-105.550567
1037,062556 KIDNEY CENTER OF LAKEWOOD (ARA),62556,DENVER,CO,80226,ANEMIA MANAGEMENT,9,10,10,39.76,-104.87,38.9979339,-105.550567
1047,062567 MESA COUNTY DIALYSIS (DVA),62567,GRAND JUNCTION,CO,81505,ANEMIA MANAGEMENT,9,10,10,39.08,-108.55,38.9979339,-105.550567
1058,062578 -  WEST HAMPDEN DIALYSIS (FMC),62578,ENGLEWOOD,CO,80110,ANEMIA MANAGEMENT,9,10,10,39.64,-104.99,38.9979339,-105.550567
1071,NEW HAVEN HOME DIALYSIS,72503,NEW HAVEN,CT,6511,ANEMIA MANAGEMENT,9,10,10,41.31,-72.92,41.5187835,-72.757507
1147,BMA - DUPONT CIRCLE,92501,WASHINGTON,DC,20036,ANEMIA MANAGEMENT,9,10,10,38.89,-77.03,38.8993487,-77.0145666
1199,PHYSICIANS DIALYSIS TRINITY,102529,TRINITY,FL,34655,ANEMIA MANAGEMENT,9,10,10,28.24,-82.71,27.9757279,-83.8330166
1210,FMC - SANFORD,102546,SANFORD,FL,32771,ANEMIA MANAGEMENT,9,10,10,28.78,-81.27,27.9757279,-83.8330166
1298,WEST TALLAHASSEE DIALYSIS,102673,TALLAHASSEE,FL,32304,ANEMIA MANAGEMENT,9,10,10,30.45,-84.28,27.9757279,-83.8330166
1339,SEBASTIAN DIALYSIS,102727,SEBASTIAN,FL,32958,ANEMIA MANAGEMENT,9,10,10,27.78,-80.48,27.9757279,-83.8330166
1362,ORANGE PARK KIDNEY CENTER,102756,ORANGE PARK,FL,32073,ANEMIA MANAGEMENT,9,10,10,30.16,-81.7,27.9757279,-83.8330166
1397,"FMC-MIAMI SHORES, LLC",102800,MIAMI SHORES,FL,33138,ANEMIA MANAGEMENT,6,10,10,25.77,-80.2,27.9757279,-83.8330166
1404,WESTON DIALYSIS CENTER,102807,WESTON,FL,33331,ANEMIA MANAGEMENT,9,10,10,26.14,-80.13,27.9757279,-83.8330166
1412,ADVANCED RENAL CARE,102815,TAMPA,FL,33609,ANEMIA MANAGEMENT,9,10,10,27.95,-82.48,27.9757279,-83.8330166
1439,DELRAY BEACH DIALYSIS CENTER LLC,102843,DELRAY BEACH,FL,33484,ANEMIA MANAGEMENT,9,10,10,26.45,-80.08,27.9757279,-83.8330166
1469,WESTERN COMMUNITY DIALYSIS CENTER LLC,102876,ROYAL PALM BEACH,FL,33411,ANEMIA MANAGEMENT,9,10,10,26.74,-80.12,27.9757279,-83.8330166
1477,GREATER TAMPA AT HOME,102885,TAMPA,FL,33607,ANEMIA MANAGEMENT,9,10,10,27.95,-82.48,27.9757279,-83.8330166
1506,NEW START DIALYSIS CENTER LLC,682513,NORTH MIAMI,FL,33161,ANEMIA MANAGEMENT,0,10,10,25.77,-80.2,27.9757279,-83.8330166
1510,FMC - CLERMONT EAST,682518,CLERMONT,FL,34711,ANEMIA MANAGEMENT,8,10,10,28.55,-81.75,27.9757279,-83.8330166
1523,PALATKA DIALYSIS,682532,PALATKA,FL,32177,ANEMIA MANAGEMENT,9,10,10,29.64,-81.65,27.9757279,-83.8330166
1527,PROFESSIONAL DIALYSIS CENTER,682536,PEMBROKE PINES,FL,33024,ANEMIA MANAGEMENT,9,10,10,26.02,-80.16,27.9757279,-83.8330166
1544,NXSTAGE KIDNEY CARE - JACKSONVILLE,682553,JACKSONVILLE,FL,32217,ANEMIA MANAGEMENT,9,10,10,30.33,-81.65,27.9757279,-83.8330166
1578,DIALYZE DIRECT FL,682588,BOCA RATON,FL,33487,ANEMIA MANAGEMENT,9,10,10,26.37,-80.1,27.9757279,-83.8330166
1589,WEST ORANGE MAITLAND DIALYSIS CENTER LLC,682599,ORLANDO,FL,32810,ANEMIA MANAGEMENT,7,10,10,28.5,-81.37,27.9757279,-83.8330166
1590,WEST ORANGE WINTER GARDEN DIALYSIS CENTER LLC,682600,WINTER GARDEN,FL,34787,ANEMIA MANAGEMENT,7,10,10,28.56,-81.58,27.9757279,-83.8330166
1622,US RENAL CARE DALTON DIALYSIS,112524,DALTON,GA,30720,ANEMIA MANAGEMENT,7,10,10,34.76,-84.97,32.6781248,-83.2229757
1683,RCG LAWRENCEVILLE,112622,LAWRENCEVILLE,GA,30045,ANEMIA MANAGEMENT,9,10,10,33.94,-83.99,32.6781248,-83.2229757
1708,FAYETTEVILLE DIALYSIS,112657,FAYETTEVILLE,GA,30214,ANEMIA MANAGEMENT,9,10,10,33.44,-84.46,32.6781248,-83.2229757
1726,CUMMING DIALYSIS,112681,CUMMING,GA,30041,ANEMIA MANAGEMENT,9,10,10,34.2,-84.13,32.6781248,-83.2229757
1733,GAINESVILLE DIALYSIS,112693,GAINESVILLE,GA,30501,ANEMIA MANAGEMENT,9,10,10,34.29,-83.83,32.6781248,-83.2229757
1743,SWEETWATER DIALYSIS,112706,LITHIA SPRINGS,GA,30122,ANEMIA MANAGEMENT,9,10,10,33.77,-84.64,32.6781248,-83.2229757
1744,US RENAL CARE HAWKINSVILLE,112707,HAWKINSVILLE,GA,31036,ANEMIA MANAGEMENT,9,10,10,32.28,-83.47,32.6781248,-83.2229757
1778,DIALYSIS OF LITHONIA,112746,DECATUR,GA,30035,ANEMIA MANAGEMENT,9,10,10,33.77,-84.29,32.6781248,-83.2229757
1849,DAVITA AUSTELL,112825,AUSTELL,GA,30106,ANEMIA MANAGEMENT,9,10,10,33.82,-84.64,32.6781248,-83.2229757
1856,DSI MACON PINE STREET DIALYSIS,112832,MACON,GA,31210,ANEMIA MANAGEMENT,9,10,10,32.83,-83.65,32.6781248,-83.2229757
1885,"PARKER DIALYSIS, LLC",112863,MONROE,GA,30655,ANEMIA MANAGEMENT,9,10,10,33.79,-83.71,32.6781248,-83.2229757
1911,"INNOVATIVE HOME DIALYSIS OF GEORGIA, LLC",112890,CANTON,GA,30114,ANEMIA MANAGEMENT,9,10,10,34.24,-84.49,32.6781248,-83.2229757
1918,"FRESENIUS MEDICAL CARE JONESBORO, LLC",112897,JONESBORO,GA,30236,ANEMIA MANAGEMENT,9,10,10,33.52,-84.35,32.6781248,-83.2229757
1925,FRESENIUS MEDICAL CARE AUGUSTA HOME,852500,AUGUSTA,GA,30904,ANEMIA MANAGEMENT,9,10,10,33.45,-81.99,32.6781248,-83.2229757
1981,YELLOWSTONE DIALYSIS CENTER,132510,REXBURG,ID,83440,ANEMIA MANAGEMENT,9,10,10,43.78,-111.76,45.4945756,-114.1424303
1983,LIBERTY DIALYSIS - MERIDIAN,132512,MERIDIAN,ID,83642,ANEMIA MANAGEMENT,9,10,10,43.59,-116.42,45.4945756,-114.1424303
1992,LIBERTY DIALYSIS - SANDPOINT,132522,SANDPOINT,ID,83864,ANEMIA MANAGEMENT,9,10,10,48.34,-116.45,45.4945756,-114.1424303
2034,EMERALD DIALYSIS,142529,CHICAGO,IL,60609,ANEMIA MANAGEMENT,9,10,10,41.83,-87.68,39.739318,-89.504139
2044,CIRCLE MEDICAL MANAGEMENT,142540,CHICAGO,IL,60607,ANEMIA MANAGEMENT,7,10,10,41.83,-87.68,39.739318,-89.504139
2093,FMC - ELK GROVE HOME DIALYSIS CENTER,142594,ELK GROVE VILLAGE,IL,60007,ANEMIA MANAGEMENT,9,10,10,42,-87.99,39.739318,-89.504139
2097,DAVITA - CARPENTERSVILLE,142598,CARPENTERSVILLE,IL,60110,ANEMIA MANAGEMENT,9,10,10,42.12,-88.27,39.739318,-89.504139
2113,TRI CITIES DIALYSIS LLC,142614,GENEVA,IL,60134,ANEMIA MANAGEMENT,9,10,10,41.88,-88.31,39.739318,-89.504139
2122,SHELBYVILLE COMMUNITY DIALYSIS,142624,SHELBYVILLE,IL,62565,ANEMIA MANAGEMENT,9,10,10,39.4,-88.8,39.739318,-89.504139
2141,MAPLE AVENUE KIDNEY CENTER,142644,OAK PARK,IL,60304,ANEMIA MANAGEMENT,8,10,10,41.88,-87.78,39.739318,-89.504139
2176,"AFFILIATED HOME DIALYSIS, LLC",142683,WASHINGTON,IL,61571,ANEMIA MANAGEMENT,7,10,10,40.69,-89.43,39.739318,-89.504139
2186,FMC - HOME DIALYSIS NETWORK INC.,142694,JOLIET,IL,60435,ANEMIA MANAGEMENT,9,10,10,41.52,-88.12,39.739318,-89.504139
2213,LAKEVIEW HOME DIALYSIS,142724,CHICAGO,IL,60657,ANEMIA MANAGEMENT,9,10,10,41.83,-87.68,39.739318,-89.504139
2232,VILLA PARK HOME DIALYSIS,142743,VILLA PARK,IL,60181,ANEMIA MANAGEMENT,2,10,10,41.88,-87.97,39.739318,-89.504139
2249,HOME DIALYSIS SERVICES ELGIN LLC,142760,CRYSTAL LAKE,IL,60012,ANEMIA MANAGEMENT,9,10,10,42.23,-88.33,39.739318,-89.504139
2250,HOME DIALYSIS SEVICES HICKORY HILLS LLC,142761,HICKORY HILLS,IL,60457,ANEMIA MANAGEMENT,9,10,10,41.72,-87.82,39.739318,-89.504139
2258,HOME DIALYSIS SERVICES OLYMPIA FIELDS LLC,142769,OLYMPIA FIELDS,IL,60461,ANEMIA MANAGEMENT,8,10,10,41.51,-87.69,39.739318,-89.504139
2259,NORTHWESTERN MEDICAL FACILITY FOUNDATION DIALYSIS CENTER,142770,CHICAGO,IL,60611,ANEMIA MANAGEMENT,4,10,10,41.83,-87.68,39.739318,-89.504139
2269,FMC - WEST FRANKFORT HOME THERAPIES,142780,WEST FRANKFORT,IL,62896,ANEMIA MANAGEMENT,9,10,10,37.9,-88.92,39.739318,-89.504139
2325,FMC -  WABASH VALLEY,152532,TERRE HAUTE,IN,47803,ANEMIA MANAGEMENT,8,10,10,39.47,-87.38,39.7662195,-86.441277
2436,INDIANA DIALYSIS COMPANY,152657,INDIANAPOLIS,IN,46227,ANEMIA MANAGEMENT,7,10,10,39.77,-86.14,39.7662195,-86.441277
2473,FMC - DAVENPORT,162507,DAVENPORT,IA,52803,ANEMIA MANAGEMENT,5,10,10,41.55,-90.6,41.9383166,-93.389798
2490,FMC - BETTENDORF,162530,BETTENDORF,IA,52722,ANEMIA MANAGEMENT,5,10,10,41.56,-90.47,41.9383166,-93.389798
2498,COUNCIL BLUFFS DIALYSIS CENTER,162539,COUNCIL BLUFFS,IA,51503,ANEMIA MANAGEMENT,9,10,10,41.24,-95.85,41.9383166,-93.389798
2502,MAQUOKETA KIDNEY CENTER LLC,162543,MAQUOKETA,IA,52060,ANEMIA MANAGEMENT,6,10,10,42.06,-90.66,41.9383166,-93.389798
2510,FMC - MUSCATINE,162553,MUSCATINE,IA,52761,ANEMIA MANAGEMENT,4,10,10,41.41,-91.07,41.9383166,-93.389798
2609,FMC - CENTRAL RICHMOND,182532,RICHMOND,KY,40475,ANEMIA MANAGEMENT,8,10,10,37.74,-84.29,37.8222935,-85.7682399
2667,FMC - OF HARDIN COUNTY,182599,ELIZABETHTOWN,KY,42701,ANEMIA MANAGEMENT,9,10,10,37.7,-85.87,37.8222935,-85.7682399
2670,FMC - WINCHESTER,182602,WINCHESTER,KY,40391,ANEMIA MANAGEMENT,9,10,10,37.99,-84.18,37.8222935,-85.7682399
2688,KUMAR DIALYSIS FLORENCE,182620,FLORENCE,KY,41042,ANEMIA MANAGEMENT,3,10,10,38.99,-84.64,37.8222935,-85.7682399
2689,DIALYSIS SERVICES OF LONDON,182621,LONDON,KY,40741,ANEMIA MANAGEMENT,9,10,10,37.12,-84.08,37.8222935,-85.7682399
2817,FMCNA - MID-CITY,192680,BATON ROUGE,LA,70806,ANEMIA MANAGEMENT,5,10,10,30.44,-91.12,30.9733766,-91.4299097
2820,DAVITA - OAKWOOD DIALYSIS,192683,GRETNA,LA,70056,ANEMIA MANAGEMENT,9,10,10,29.91,-90.05,30.9733766,-91.4299097
2821,FMCNA - O'NEAL LANE,192684,DENHAM SPRINGS,LA,70726,ANEMIA MANAGEMENT,1,10,10,30.47,-90.95,30.9733766,-91.4299097
2825,FMCNA - RUSTON,192688,RUSTON,LA,71270,ANEMIA MANAGEMENT,9,10,10,32.53,-92.63,30.9733766,-91.4299097
2830,FMCNA - SLIDELL,192693,SLIDELL,LA,70458,ANEMIA MANAGEMENT,8,10,10,30.28,-89.77,30.9733766,-91.4299097
2888,GOOD SAMARITAN HOSPITAL,212306,BALTIMORE,MD,21239,ANEMIA MANAGEMENT,7,10,10,39.3,-76.61,38.8063524,-77.2684162
2902,DAVITA - BERLIN DIALYSIS,212520,BERLIN,MD,21811,ANEMIA MANAGEMENT,9,10,10,38.32,-75.21,38.8063524,-77.2684162
2933,FMC OF PORTER DIALYSIS - WHITE MARSH,212568,NOTTINGHAM,MD,21236,ANEMIA MANAGEMENT,9,10,10,39.38,-76.48,38.8063524,-77.2684162
2974,PIKESVILLE DIALYSIS,212636,BALTIMORE,MD,21215,ANEMIA MANAGEMENT,9,10,10,39.3,-76.61,38.8063524,-77.2684162
2989,ADVANCED DIALYSIS CENTER - ROCKVILLE,212656,ROCKVILLE,MD,20850,ANEMIA MANAGEMENT,9,10,10,39.08,-77.15,38.8063524,-77.2684162
2992,FMC - SILVER SPRING,212660,SILVER SPRING,MD,20904,ANEMIA MANAGEMENT,9,10,10,39.01,-77.02,38.8063524,-77.2684162
2996,FMC - TAKOMA PARK,212665,HYATTSVILLE,MD,20783,ANEMIA MANAGEMENT,9,10,10,38.95,-76.95,38.8063524,-77.2684162
3002,"COLDSPRINGS DIALYSIS, LLC",212671,BALTIMORE,MD,21214,ANEMIA MANAGEMENT,9,10,10,39.3,-76.61,38.8063524,-77.2684162
3009,BROWNWOOD DIALYSIS LLC,212678,ROCKVILLE,MD,20853,ANEMIA MANAGEMENT,9,10,10,39.08,-77.15,38.8063524,-77.2684162
3031,"KIDNEY HOME CENTER, LLC",212702,BALTIMORE,MD,21202,ANEMIA MANAGEMENT,9,10,10,39.3,-76.61,38.8063524,-77.2684162
3032,"COURTLAND DIALYSIS, LLC",212703,BALTIMORE,MD,21208,ANEMIA MANAGEMENT,9,10,10,39.39,-76.7,38.8063524,-77.2684162
3037,"BALTIMORE COUNTY DIALYSIS, LLC",212708,BALTIMORE,MD,21224,ANEMIA MANAGEMENT,8,10,10,39.3,-76.61,38.8063524,-77.2684162
3070,CHICOPEE DIALYSIS CENTER,222513,CHICOPEE,MA,1013,ANEMIA MANAGEMENT,9,10,10,42.17,-72.57,42.0629398,-71.718067
3082,NEW BEDFORD DIALYSIS,222530,NORTH DARTMOUTH,MA,2747,ANEMIA MANAGEMENT,9,10,10,41.64,-71,42.0629398,-71.718067
3089,YANKEE FAMILY DIALYSIS CENTER,222539,GREENFIELD,MA,1301,ANEMIA MANAGEMENT,9,10,10,42.58,-72.59,42.0629398,-71.718067
3131,UNIV OF MI DIALYSIS - ADULT,232309,ANN ARBOR,MI,48109,ANEMIA MANAGEMENT,4,10,10,42.27,-83.73,44.9435598,-86.4158049
3132,NORTHERN MICHIGAN HOSPITAL,232315,PETOSKEY,MI,49770,ANEMIA MANAGEMENT,9,10,10,45.36,-84.95,44.9435598,-86.4158049
3137,PORTAGE HEALTH DIALYSIS CTR,232347,HANCOCK,MI,49930,ANEMIA MANAGEMENT,8,10,10,47.13,-88.6,44.9435598,-86.4158049
3188,DAVITA - GAYLORD DIALYSIS,232556,GAYLORD,MI,49735,ANEMIA MANAGEMENT,9,10,10,45.02,-84.67,44.9435598,-86.4158049
3249,FMC - KALAMAZOO PD UNIT,232626,KALAMAZOO,MI,49007,ANEMIA MANAGEMENT,9,10,10,42.27,-85.58,44.9435598,-86.4158049
3264,MACOMB REGIONAL DIALYSIS CENTER,232642,CLINTON TOWNSHIP,MI,48038,ANEMIA MANAGEMENT,9,10,10,42.58,-82.91,44.9435598,-86.4158049
3311,HOME DIALYSIS SPECIALTY CENTER,232691,SAINT CLAIR SHORES,MI,48081,ANEMIA MANAGEMENT,9,10,10,42.49,-82.89,44.9435598,-86.4158049
3313,DAVITA - BELTLINE HOME TRAINING,232693,GRAND RAPIDS,MI,49506,ANEMIA MANAGEMENT,8,10,10,42.96,-85.65,44.9435598,-86.4158049
3366,FMC DIALYSIS - ROSEVILLE,242523,ROSEVILLE,MN,55113,ANEMIA MANAGEMENT,9,10,10,44.94,-93.1,46.4418595,-93.3655146
3390,FRESENIUS MEDICAL CARE - SPIRIT VALLEY,242555,DULUTH,MN,55807,ANEMIA MANAGEMENT,9,10,10,46.78,-92.11,46.4418595,-93.3655146
3421,PARK RAPIDS DIALYSIS OF DAVITA,242587,PARK RAPIDS,MN,56470,ANEMIA MANAGEMENT,9,10,10,46.91,-95.06,46.4418595,-93.3655146
3535,DRG HOME THERAPIES,252575,FAYETTE,MS,39069,ANEMIA MANAGEMENT,8,10,10,31.71,-91.06,32.5851062,-89.8772196
3539,"NORTH GULFPORT HOME PROGRAM, LLC",252579,GULFPORT,MS,39501,ANEMIA MANAGEMENT,7,10,10,30.38,-89.06,32.5851062,-89.8772196
3606,JEFFERSON COUNTY DIALYSIS CENTER,262569,FESTUS,MO,63028,ANEMIA MANAGEMENT,9,10,10,38.22,-90.4,38.3046615,-92.437099
3659,FMC - SULLIVAN,262632,SULLIVAN,MO,63080,ANEMIA MANAGEMENT,9,10,10,38.21,-91.16,38.3046615,-92.437099
3735,"DIALYSIS CLINICS, INC - WEST OMAHA",282507,OMAHA,NE,68164,ANEMIA MANAGEMENT,9,10,10,41.26,-96.01,41.5008195,-99.680902
3739,DODGE COUNTY DIALYSIS,282512,FREMONT,NE,68025,ANEMIA MANAGEMENT,9,10,10,41.44,-96.49,41.5008195,-99.680902
3745,CORNHUSKER DIALYSIS,282518,BELLEVUE,NE,68005,ANEMIA MANAGEMENT,9,10,10,41.15,-95.92,41.5008195,-99.680902
3797,292542 CENTENNIAL DIALYSIS (FMC),292542,LAS VEGAS,NV,89130,ANEMIA MANAGEMENT,9,10,10,36.24,-115.23,38.502032,-117.0230604
3839,FMC HILLSIDE DIALYSIS CTR,312506,UNION,NJ,7083,ANEMIA MANAGEMENT,9,10,10,40.69,-74.26,40.1430058,-74.7311156
3852,RV WESTWOOD,312523,WESTWOOD,NJ,7675,ANEMIA MANAGEMENT,9,10,10,40.98,-74.03,40.1430058,-74.7311156
3926,LIBERTY HAMMONTON,312603,HAMMONTON,NJ,8037,ANEMIA MANAGEMENT,9,10,10,39.65,-74.77,40.1430058,-74.7311156
3981,FMC NEPTUNE,312658,NEPTUNE,NJ,7753,ANEMIA MANAGEMENT,6,10,10,40.21,-74.08,40.1430058,-74.7311156
3982,MERIDIAN-FRESENIUS DIALYSIS AT BRICK,312659,BRICK,NJ,8724,ANEMIA MANAGEMENT,6,10,10,40.06,-74.11,40.1430058,-74.7311156
3983,MERIDIAN FRESENIUS DIALYSIS RED BANK,312660,RED BANK,NJ,7701,ANEMIA MANAGEMENT,7,10,10,40.34,-74.06,40.1430058,-74.7311156
4001,322508 ALAMOGORDO DIALYSIS (FMC),322508,ALAMOGORDO,NM,88310,ANEMIA MANAGEMENT,9,10,10,32.88,-105.95,34.1662325,-106.0260685
4023,322533 NORTH RIO RANCHO DIALYSIS (FMC),322533,RIO RANCHO,NM,87144,ANEMIA MANAGEMENT,9,10,10,35.32,-106.71,34.1662325,-106.0260685
4032,322542 HOME DIALYSIS OF NEW MEXICO,322542,ALBUQUERQUE,NM,87102,ANEMIA MANAGEMENT,9,10,10,35.11,-106.62,34.1662325,-106.0260685
4037,"322547-THE KIDNEY CARE CENTER, LLC",322547,HOBBS,NM,88240,ANEMIA MANAGEMENT,9,10,10,32.73,-103.16,34.1662325,-106.0260685
4044,MT. SINAI KIDNEY CTR.,332307,NEW YORK,NY,10029,ANEMIA MANAGEMENT,1,10,10,40.71,-73.99,40.7056258,-73.97968
4048,BROOKLYN HOSPITAL CENTER,332312,BROOKLYN,NY,11201,ANEMIA MANAGEMENT,9,10,10,40.64,-73.94,40.7056258,-73.97968
4056,KINGSBROOK JEWISH MEDICAL CENTER,332345,BROOKLYN,NY,11203,ANEMIA MANAGEMENT,7,10,10,40.64,-73.94,40.7056258,-73.97968
4191,CRD ASSOCIATES LLC  CLIFFSIDE NURSING HOME,332650,FLUSHING,NY,11354,ANEMIA MANAGEMENT,0,10,10,40.77,-73.84,40.7056258,-73.97968
4197,EASTCHESTER ROAD DIALYSIS CENTER,332656,BRONX,NY,10461,ANEMIA MANAGEMENT,8,10,10,40.84,-73.87,40.7056258,-73.97968
4227,US RENAL CARE CHEEKTOWAGA DIALYSIS,332686,CHEEKTOWAGA,NY,14227,ANEMIA MANAGEMENT,9,10,10,42.88,-78.85,40.7056258,-73.97968
4233,"MOHAWK VALLEY DIALYSIS CENTER, INC.",332693,AMSTERDAM,NY,12010,ANEMIA MANAGEMENT,9,10,10,42.94,-74.19,40.7056258,-73.97968
4237,FMS-SOUTHERN MANHATTAN DIALYSIS CENTER - WAYNE COUNTY,332697,NEWARK,NY,14513,ANEMIA MANAGEMENT,9,10,10,43.04,-77.09,40.7056258,-73.97968
4243,JAMESTOWN DIALYSIS CENTER,332703,JAMESTOWN,NY,14701,ANEMIA MANAGEMENT,9,10,10,42.09,-79.23,40.7056258,-73.97968
4262,FREEDOM CENTER OF ROCHESTER,332723,ROCHESTER,NY,14618,ANEMIA MANAGEMENT,9,10,10,43.16,-77.61,40.7056258,-73.97968
4265,REGENCY DIALYSIS CENTER,332726,YONKERS,NY,10701,ANEMIA MANAGEMENT,9,10,10,40.94,-73.86,40.7056258,-73.97968
4303,NASSAU UNIVERSITY MEDICAL CENTER,333555,UNIONDALE,NY,11553,ANEMIA MANAGEMENT,9,10,10,40.7,-73.59,40.7056258,-73.97968
4311,KINGSBROOK JEWISH MEDICAL CENTER - RNH DIALYSIS,333565,BROOKLYN,NY,11203,ANEMIA MANAGEMENT,9,10,10,40.64,-73.94,40.7056258,-73.97968
4314,FSLH-ST. LUKE'S HOME RENAL DIALYSIS,333568,UTICA,NY,13502,ANEMIA MANAGEMENT,9,10,10,43.1,-75.23,40.7056258,-73.97968
4367,DSI CHARLOTTE LATROBE DIALYSIS,342552,CHARLOTTE,NC,28211,ANEMIA MANAGEMENT,9,10,10,35.19,-80.83,35.2145629,-79.8912675
4420,FUQUAY VARINA KIDNEY CENTER,342608,FUQUAY VARINA,NC,27526,ANEMIA MANAGEMENT,9,10,10,35.54,-78.83,35.2145629,-79.8912675
4454,FRESENIUS MEDICAL CARE OF SPRING HOPE,342644,SPRING HOPE,NC,27882,ANEMIA MANAGEMENT,9,10,10,35.94,-78.1,35.2145629,-79.8912675
4534,AURORA DIALYSIS LLC,352503,GRAND FORKS,ND,58201,ANEMIA MANAGEMENT,8,10,10,47.91,-97.07,47.4678819,-100.3022655
4536,CHI ST ALEXIUS HEALTH - DICKINSON DIALYSIS,353501,DICKINSON,ND,58601,ANEMIA MANAGEMENT,9,10,10,46.88,-102.78,47.4678819,-100.3022655
4537,CHI ST ALEXIUS HEALTH - WILLISTON DIALYSIS,353502,WILLISTON,ND,58801,ANEMIA MANAGEMENT,9,10,10,48.16,-103.63,47.4678819,-100.3022655
4568,FMC - CENTRAL OHIO EAST,362520,COLUMBUS,OH,43213,ANEMIA MANAGEMENT,9,10,10,39.98,-82.98,40.1903624,-82.6692525
4594,FMC - YOUNGSTOWN,362559,YOUNGSTOWN,OH,44504,ANEMIA MANAGEMENT,8,10,10,41.09,-80.64,40.1903624,-82.6692525
4604,FMC - OHIO RENAL CARE GROUP HOME DIALYSIS PROGRAM,362570,CLEVELAND,OH,44104,ANEMIA MANAGEMENT,8,10,10,41.47,-81.67,40.1903624,-82.6692525
4605,FMC - DIALYSIS SPECIALISTS OF MARIETTA,362571,MARIETTA,OH,45750,ANEMIA MANAGEMENT,9,10,10,39.42,-81.44,40.1903624,-82.6692525
4608,FMC - DIALYSIS SPECIALISTS OF FAIRFIELD,362576,FAIRFIELD,OH,45014,ANEMIA MANAGEMENT,8,10,10,39.33,-84.54,40.1903624,-82.6692525
4610,"CENTER FOR DIALYSIS CARE HOME CARE, LTD.",362578,EUCLID,OH,44117,ANEMIA MANAGEMENT,9,10,10,41.59,-81.51,40.1903624,-82.6692525
4681,"DAVITA HOME DIALYSIS SERVICES OF SANDUSKY, INC.",362660,SANDUSKY,OH,44870,ANEMIA MANAGEMENT,6,10,10,41.45,-82.71,40.1903624,-82.6692525
4727,U.S. RENAL CARE OF DELAWARE,362713,DELAWARE,OH,43015,ANEMIA MANAGEMENT,8,10,10,40.29,-83.08,40.1903624,-82.6692525
4782,FMC CREIGHTON DIALYSIS LLC,362779,FINDLAY,OH,45840,ANEMIA MANAGEMENT,7,10,10,41.04,-83.64,40.1903624,-82.6692525
4786,DAVITA - PARKSIDE DIALYSIS,362783,WESTERVILLE,OH,43081,ANEMIA MANAGEMENT,9,10,10,40.12,-82.91,40.1903624,-82.6692525
4790,FMC- WILMINGTON HOME,362787,WILMINGTON,OH,45177,ANEMIA MANAGEMENT,1,10,10,39.44,-83.83,40.1903624,-82.6692525
4818,DAVITA  -  CANAL WINCHESTER,362815,CANAL WINCHESTER,OH,43110,ANEMIA MANAGEMENT,9,10,10,39.84,-82.82,40.1903624,-82.6692525
4833,"INFINITI DIALYSIS CENTER OF CINCINNATI, LLC",362830,CINCINNATI,OH,45236,ANEMIA MANAGEMENT,8,10,10,39.09,-84.51,40.1903624,-82.6692525
4896,FMCNA - ENID DIALYSIS CTR,372558,ENID,OK,73701,ANEMIA MANAGEMENT,8,10,10,36.4,-97.86,35.3097654,-98.7165585
4902,MCALESTER REGIONAL DIALYSIS CTR,372564,MCALESTER,OK,74501,ANEMIA MANAGEMENT,9,10,10,34.92,-95.76,35.3097654,-98.7165585
4985,BLUE MOUNTAIN KIDNEY CENTER,382554,PENDLETON,OR,97801,ANEMIA MANAGEMENT,9,10,10,45.73,-118.79,44.1419049,-120.5380993
5008,GEISINGER HEALTH SYSTEM,392300,DANVILLE,PA,17822,ANEMIA MANAGEMENT,7,10,10,40.96,-76.61,40.9945928,-77.6046984
5010,M.S. HERSHEY MEDICAL CENTER,392335,HERSHEY,PA,17033,ANEMIA MANAGEMENT,5,10,10,40.28,-76.64,40.9945928,-77.6046984
5039,DAVITA WEST SHORE,392534,LEMOYNE,PA,17043,ANEMIA MANAGEMENT,9,10,10,40.24,-76.89,40.9945928,-77.6046984
5048,BELMONT COURT DIALYSIS - DOYLESTOWN CAMPUS,392545,DOYLESTOWN,PA,18901,ANEMIA MANAGEMENT,8,10,10,40.31,-75.12,40.9945928,-77.6046984
5059,LEBANON COUNTY DIALYSIS,392557,LEBANON,PA,17042,ANEMIA MANAGEMENT,9,10,10,40.34,-76.42,40.9945928,-77.6046984
5084,FRESENIUS MEDICAL CARE SHADYSIDE,392592,PITTSBURGH,PA,15213,ANEMIA MANAGEMENT,9,10,10,40.43,-79.97,40.9945928,-77.6046984
5198,"PRODIGY DIALYSIS, LLC - RICHLAND SQUARE",392738,JOHNSTOWN,PA,15904,ANEMIA MANAGEMENT,0,10,10,40.32,-78.91,40.9945928,-77.6046984
5213,FRESENIUS MEDICAL CARE CAMP HILL,392755,CAMP HILL,PA,17011,ANEMIA MANAGEMENT,9,10,10,40.24,-76.92,40.9945928,-77.6046984
5264,PRODIGY DIALYSIS - SOMERSET,392814,SOMERSET,PA,15501,ANEMIA MANAGEMENT,0,10,10,40,-79.07,40.9945928,-77.6046984
5290,"BIO MEDICAL APPLICATIONS OF PENNSYLVANIA, INC.",392843,TOWANDA,PA,18848,ANEMIA MANAGEMENT,6,10,10,41.76,-76.44,40.9945928,-77.6046984
5291,"BIO MEDICAL APPLICATION OF PENNSYLVANIA, INC.",392844,SAYRE,PA,18840,ANEMIA MANAGEMENT,4,10,10,41.97,-76.51,40.9945928,-77.6046984
5336,DCI AZALEA PLACE,422524,CHARLESTON,SC,29406,ANEMIA MANAGEMENT,9,10,10,32.78,-79.99,33.62505,-80.9470381
5344,CENTRAL BAMBERG DIALYSIS,422534,BAMBERG,SC,29003,ANEMIA MANAGEMENT,9,10,10,33.29,-81.03,33.62505,-80.9470381
5357,FMC HILTON HEAD DIALYSIS CENTER,422548,HILTON HEAD ISLAND,SC,29926,ANEMIA MANAGEMENT,9,10,10,32.19,-80.74,33.62505,-80.9470381
5373,FMC DIALYSIS SERVICES MURRELLS INLET,422571,MURRELLS INLET,SC,29576,ANEMIA MANAGEMENT,9,10,10,33.55,-79.05,33.62505,-80.9470381
5380,PALMETTO DIALYSIS,422578,CLINTON,SC,29325,ANEMIA MANAGEMENT,9,10,10,34.47,-81.86,33.62505,-80.9470381
5432,"COAST DIALYSIS, LLC",422633,CHARLESTON,SC,29407,ANEMIA MANAGEMENT,9,10,10,32.78,-79.99,33.62505,-80.9470381
5439,"CURLEW DIALYSIS, LLC",422640,MCCOLL,SC,29570,ANEMIA MANAGEMENT,9,10,10,34.66,-79.54,33.62505,-80.9470381
5449,"FRESENIUS MEDICAL CARE CNA KIDNEY CENTERS, LLC",422650,SUMTER,SC,29150,ANEMIA MANAGEMENT,8,10,10,33.94,-80.39,33.62505,-80.9470381
5461,CLINTON DIALYSIS CLINIC,422662,CLINTON,SC,29325,ANEMIA MANAGEMENT,9,10,10,34.47,-81.86,33.62505,-80.9470381
5466,REGIONAL DIALYSIS CENTER,432304,RAPID CITY,SD,57701,ANEMIA MANAGEMENT,0,9,10,44.07,-103.23,44.2126995,-100.2471641
5470,REGIONAL DIALYSIS CENTER - RCRH,432310,RAPID CITY,SD,57701,ANEMIA MANAGEMENT,4,9,10,44.07,-103.23,44.2126995,-100.2471641
5482,REGIONAL DIALYSIS CENTER - SPEARFISH,433506,SPEARFISH,SD,57783,ANEMIA MANAGEMENT,0,9,10,44.48,-103.84,44.2126995,-100.2471641
5573,DCI HOME TRAINING OF MIDDLE TN,442638,NASHVILLE,TN,37203,ANEMIA MANAGEMENT,9,10,10,36.17,-86.78,35.830521,-85.9785989
5579,DIALYSIS ASSOC. OF MURFREESBORO-HT,442645,MURFREESBORO,TN,37129,ANEMIA MANAGEMENT,9,10,10,35.85,-86.39,35.830521,-85.9785989
5659,"NXKC MEMPHIS, LLC",442729,GERMANTOWN,TN,38138,ANEMIA MANAGEMENT,8,10,10,35.08,-89.79,35.830521,-85.9785989
5675,WILBARGER GENERAL HOSPITAL DIALYSIS OF VERNON,452374,VERNON,TX,76384,ANEMIA MANAGEMENT,9,10,10,34.14,-99.3,31.1693363,-100.0768425
5683,FRESENIUS MEDICAL CARE PD SERVICES OF DALLAS,452501,DALLAS,TX,75247,ANEMIA MANAGEMENT,7,10,10,32.79,-96.76,31.1693363,-100.0768425
5737,KIDNEY DISEASE CLINIC OF CENTRAL SAN ANTONIO,452595,SAN ANTONIO,TX,78207,ANEMIA MANAGEMENT,9,10,10,29.45,-98.5,31.1693363,-100.0768425
5749,AMERI-TECH KIDNEY CENTER-ARLINGTON LLC,452618,ARLINGTON,TX,76013,ANEMIA MANAGEMENT,9,10,10,32.69,-97.12,31.1693363,-100.0768425
5935,USRC TARRANT DIALYSIS CENTER - GRAND PRAIRIE,452855,GRAND PRAIRIE,TX,75050,ANEMIA MANAGEMENT,9,10,10,32.69,-97.01,31.1693363,-100.0768425
5949,SUGARLAND DIALYSIS,452869,SUGAR LAND,TX,77478,ANEMIA MANAGEMENT,6,10,10,29.61,-95.61,31.1693363,-100.0768425
5956,BEECHNUT DIALYSIS,452880,HOUSTON,TX,77036,ANEMIA MANAGEMENT,9,10,10,29.76,-95.38,31.1693363,-100.0768425
5976,SCOTT & WHITE KILLEEN DIALYSIS CENTER,453501,KILLEEN,TX,76541,ANEMIA MANAGEMENT,0,10,10,31.09,-97.71,31.1693363,-100.0768425
5977,SCOTT & WHITE ARTIFICAL KIDNEY UNIT,453502,TEMPLE,TX,76508,ANEMIA MANAGEMENT,0,10,10,31.09,-97.36,31.1693363,-100.0768425
5978,SCOTT & WHITE ROUND ROCK DIALYSIS CENTER,453503,ROUND ROCK,TX,78664,ANEMIA MANAGEMENT,0,10,10,30.51,-97.67,31.1693363,-100.0768425
5980,SCOTT & WHITE KILLEEN DIALYSIS WEST,453509,KILLEEN,TX,76543,ANEMIA MANAGEMENT,0,10,10,31.09,-97.71,31.1693363,-100.0768425
5992,US RENAL CARE HOUSTON STREET DIALYSIS,672506,SAN ANTONIO,TX,78202,ANEMIA MANAGEMENT,9,10,10,29.45,-98.5,31.1693363,-100.0768425
6011,LIBERTY DIALYSIS - LANCASTER,672526,LANCASTER,TX,75146,ANEMIA MANAGEMENT,9,10,10,32.59,-96.78,31.1693363,-100.0768425
6044,FRESENIUS MEDICAL CARE HOUSTON HOME,672562,HOUSTON,TX,77054,ANEMIA MANAGEMENT,4,10,10,29.76,-95.38,31.1693363,-100.0768425
6069,LIBERTY DIALYSIS - MESQUITE,672589,MESQUITE,TX,75150,ANEMIA MANAGEMENT,9,10,10,32.76,-96.59,31.1693363,-100.0768425
6071,CEDAR PARK DIALYSIS CENTER,672591,CEDAR PARK,TX,78613,ANEMIA MANAGEMENT,9,10,10,30.51,-97.83,31.1693363,-100.0768425
6079,LIBERTY DIALYSIS - DUNCANVILLE,672600,DUNCANVILLE,TX,75137,ANEMIA MANAGEMENT,9,10,10,32.64,-96.91,31.1693363,-100.0768425
6081,FRESENIUS MEDICAL CARE BRAZOS,672602,ROSENBERG,TX,77471,ANEMIA MANAGEMENT,7,10,10,29.54,-95.79,31.1693363,-100.0768425
6119,STAFFORD DIALYSIS,672643,STAFFORD,TX,77477,ANEMIA MANAGEMENT,9,10,10,29.62,-95.56,31.1693363,-100.0768425
6120,GESSNER DIALYSIS AND KIDNEY CENTER,672644,HOUSTON,TX,77074,ANEMIA MANAGEMENT,8,10,10,29.76,-95.38,31.1693363,-100.0768425
6156,"BRAZORIA COUNTY DIALYSIS, LLP",672680,LAKE JACKSON,TX,77566,ANEMIA MANAGEMENT,9,10,10,29.04,-95.44,31.1693363,-100.0768425
6175,"HUMBLE DIALYSIS, LP",672699,HUMBLE,TX,77338,ANEMIA MANAGEMENT,9,10,10,29.99,-95.26,31.1693363,-100.0768425
6177,LIBERTY DIALYSIS LAKE LEWISVILLE,672701,CORINTH,TX,76208,ANEMIA MANAGEMENT,9,10,10,33.21,-97.13,31.1693363,-100.0768425
6190,KIDNEY CARE CENTER,672714,LUBBOCK,TX,79416,ANEMIA MANAGEMENT,8,10,10,33.57,-101.87,31.1693363,-100.0768425
6199,CENTRAL FORT WORTH DIALYSIS,672723,FORT WORTH,TX,76104,ANEMIA MANAGEMENT,7,10,10,32.75,-97.33,31.1693363,-100.0768425
6216,LIBERTY DIALYSIS - RICHARDSON,672740,RICHARDSON,TX,75080,ANEMIA MANAGEMENT,9,10,10,32.97,-96.7,31.1693363,-100.0768425
6222,"COMPLETE DIALYSIS CARE, LLC",672746,ODESSA,TX,79761,ANEMIA MANAGEMENT,9,10,10,31.85,-102.36,31.1693363,-100.0768425
6227,LIBERTY DIALYSIS - CHARLTON,672751,DALLAS,TX,75237,ANEMIA MANAGEMENT,9,10,10,32.79,-96.76,31.1693363,-100.0768425
6236,FRESENIUS MEDICAL CARE BAYTOWN NORTH,672760,BAYTOWN,TX,77521,ANEMIA MANAGEMENT,9,10,10,29.74,-94.96,31.1693363,-100.0768425
6282,462510 CASTLEVIEW DIALYSIS,462510,PRICE,UT,84501,ANEMIA MANAGEMENT,9,10,10,39.57,-110.8,39.4997605,-111.547028
6283,462511 DIXIE DIALYSIS CENTER,462511,SAINT GEORGE,UT,84790,ANEMIA MANAGEMENT,9,10,10,37.06,-113.57,39.4997605,-111.547028
6284,462518 SOUTH VALLEY DIALYSIS CENTER,462518,SANDY,UT,84070,ANEMIA MANAGEMENT,9,10,10,40.57,-111.89,39.4997605,-111.547028
6285,462519 BONNEVILLE DIALYSIS CENTER,462519,OGDEN,UT,84405,ANEMIA MANAGEMENT,9,10,10,41.15,-111.98,39.4997605,-111.547028
6296,462535 LONE PEAK DIALYSIS (DVA),462535,AMERICAN FORK,UT,84003,ANEMIA MANAGEMENT,8,10,10,40.39,-111.78,39.4997605,-111.547028
6304,462543 PAYSON REGIONAL DIALYSIS,462543,PAYSON,UT,84651,ANEMIA MANAGEMENT,9,10,10,40.01,-111.73,39.4997605,-111.547028
6366,BMA - BLUE RIDGE,492558,BEDFORD,VA,24523,ANEMIA MANAGEMENT,9,10,10,37.32,-79.52,38.0033855,-79.4587861
6407,PORTSMOUTH DIALYSIS CENTER,492616,PORTSMOUTH,VA,23704,ANEMIA MANAGEMENT,9,10,10,36.83,-76.29,38.0033855,-79.4587861
6418,FOREST PARK DIALYSIS CENTER,492628,RICHMOND,VA,23229,ANEMIA MANAGEMENT,9,10,10,37.55,-77.46,38.0033855,-79.4587861
6539,SPOKANE VALLEY RENAL CENTER,502537,SPOKANE,WA,99216,ANEMIA MANAGEMENT,9,10,10,47.69,-117.19,38.8993487,-77.0145665
6608,WEST VIRGINIA DIALYSIS,512518,LOGAN,WV,25601,ANEMIA MANAGEMENT,9,10,10,37.84,-81.98,38.9201705,-80.1816905
6628,FMC - APPALACHIAN DIALYSIS,512539,BECKLEY,WV,25801,ANEMIA MANAGEMENT,9,10,10,37.78,-81.18,38.9201705,-80.1816905
6641,LAKEVIEW MEDICAL CENTER,522320,RICE LAKE,WI,54868,ANEMIA MANAGEMENT,9,10,10,45.49,-91.73,44.7862968,-89.8267049
6643,BELOIT HEALTH SYSTEM - DIALYSIS,522324,BELOIT,WI,53511,ANEMIA MANAGEMENT,9,10,10,42.52,-89.02,44.7862968,-89.8267049
6665,PURITY DIALYSIS - MUKWONAGO,522521,MUKWONAGO,WI,53149,ANEMIA MANAGEMENT,9,10,10,42.86,-88.33,44.7862968,-89.8267049
6680,DAVITA - LAKE GENEVA DIALYSIS,522537,LAKE GENEVA,WI,53147,ANEMIA MANAGEMENT,8,10,10,42.58,-88.42,44.7862968,-89.8267049
6721,DAVITA - NORTHERN STAR DIALYSIS,522586,WOODRUFF,WI,54568,ANEMIA MANAGEMENT,9,10,10,45.9,-89.69,44.7862968,-89.8267049
6727,DAVITA - WAUSAU DIALYSIS,522593,WAUSAU,WI,54401,ANEMIA MANAGEMENT,8,10,10,44.96,-89.64,44.7862968,-89.8267049
6731,PURITY HOME TRAINING CENTER,522597,DELAFIELD,WI,53018,ANEMIA MANAGEMENT,9,10,10,43.06,-88.39,44.7862968,-89.8267049
